source,target,realValue,layerID,layerColor,layerUnit
Exterior Heat,HPs,48767262.45,Exterior Heat,#8FBC8F,TWh
Electricity,Elec,12594969.83,Electricity,#00BFFF,TWh
Solar,Elec,17729648.06,Solar,#FFFF00,TWh
Elec,Export,12594969.83,Electricity,#00BFFF,TWh
Elec,Elec demand,7712230.49,Electricity,#00BFFF,TWh
Elec,HPs,10017417.57,Electricity,#00BFFF,TWh
HPs,DHN,58784680.02,Heat LT,#FA8072,TWh
DHN,Heat LT DHN,41124991.36,Heat LT,#FA8072,TWh
DHN,Loss DHN,6012855.68,Heat LT,#FA8072,TWh
DHN,DHN Sto,11646832.98,Heat LT,#FA8072,TWh
DHN Sto,Heat LT DHN,11439237.38,Heat LT,#FA8072,TWh
