source,target,realValue,layerID,layerColor,layerUnit
Exterior Heat,HPs,30069188.87,Exterior Heat,#8FBC8F,TWh
Electricity,Elec,4661052.36,Electricity,#00BFFF,TWh
Solar,Elec,18923142.21,Solar,#FFFF00,TWh
Solar,DHN,25947820.27,Solar,#FFFF00,TWh
Elec,Export,8675036.59,Electricity,#00BFFF,TWh
Elec,Elec demand,22343.55,Electricity,#00BFFF,TWh
Elec,Storage,8540898.67,Electricity,#00BFFF,TWh
Storage,Elec demand,7689886.95,Electricity,#00BFFF,TWh
Storage,Losses,851011.73,Electricity,#708090,TWh
Elec,HPs,6158672.43,Electricity,#00BFFF,TWh
Elec,Boilers,187243.33,Electricity,#00BFFF,TWh
HPs,DHN,36227861.30,Heat LT,#FA8072,TWh
Boilers,DHN,185389.44,Heat LT,#FA8072,TWh
DHN,Heat LT DHN,6100999.74,Heat LT,#FA8072,TWh
DHN,Loss DHN,6310003.10,Heat LT,#FA8072,TWh
DHN,DHN Sto,49950068.17,Heat LT,#FA8072,TWh
DHN Sto,Heat LT DHN,46463228.99,Heat LT,#FA8072,TWh
