source,target,realValue,layerID,layerColor,layerUnit
NG,Boilers,2.03,NG,#FFD700,TWh
Electricity,Elec,3.14,Electricity,#00BFFF,TWh
Solar,Elec,12.12,Solar,#FFFF00,TWh
Oil,Boilers,1.08,Oil,#8B008B,TWh
Wood,Biofuels,1.47,Wood,#CD853F,TWh
Elec,Exp & Loss,9.40,Electricity,#00BFFF,TWh
Elec,Elec demand,3.60,Electricity,#00BFFF,TWh
Elec,HPs,2.06,Electricity,#00BFFF,TWh
Elec,Heat LT Dec,0.03,Electricity,#00BFFF,TWh
Elec,Heat LT Dec,0.03,Electricity,#00BFFF,TWh
HPs,Heat LT Dec,3.88,Heat LT,#FA8072,TWh
Biofuels,Elec,0.02,Electricity,#00BFFF,TWh
Biofuels,Boilers,0.98,Oil,#8B008B,TWh
Boilers,Heat LT Dec,2.28,Heat LT,#FA8072,TWh
Boilers,Dec. Sto,0.46,Heat LT,#FA8072,TWh
Dec. Sto,Heat LT Dec,2.70,Heat LT,#FA8072,TWh
