source,target,realValue,layerID,layerColor,layerUnit
Exterior Heat,HPs,24411808.46,Exterior Heat,#8FBC8F,TWh
Electricity,Elec,3999351.42,Electricity,#00BFFF,TWh
Solar,Elec,13517432.94,Solar,#FFFF00,TWh
Solar,DHN,33642381.66,Solar,#FFFF00,TWh
Elec,Export,4004646.60,Electricity,#00BFFF,TWh
Elec,Elec demand,2356313.43,Electricity,#00BFFF,TWh
Elec,Storage,5956559.33,Electricity,#00BFFF,TWh
Storage,Elec demand,5355917.07,Electricity,#00BFFF,TWh
Storage,Losses,600642.27,Electricity,#708090,TWh
Elec,HPs,4988488.14,Electricity,#00BFFF,TWh
Elec,Boilers,210776.86,Electricity,#00BFFF,TWh
HPs,DHN,29400296.60,Heat LT,#FA8072,TWh
Boilers,DHN,208689.96,Heat LT,#FA8072,TWh
DHN,Heat LT DHN,28062421.61,Heat LT,#FA8072,TWh
DHN,Loss DHN,6379397.77,Heat LT,#FA8072,TWh
DHN,DHN Sto,28809548.86,Heat LT,#FA8072,TWh
DHN Sto,Heat LT DHN,24501807.13,Heat LT,#FA8072,TWh
