source,target,realValue,layerID,layerColor,layerUnit
Exterior Heat,HPs,3000257.44,Exterior Heat,#8FBC8F,TWh
Electricity,Elec,1338779.94,Electricity,#00BFFF,TWh
Solar,Elec,15927978.45,Solar,#FFFF00,TWh
Solar,DHN,58570573.67,Solar,#FFFF00,TWh
Elec,Export,3804957.98,Electricity,#00BFFF,TWh
Elec,Elec demand,2597755.61,Electricity,#00BFFF,TWh
Elec,Storage,5677068.86,Electricity,#00BFFF,TWh
Storage,Elec demand,5114474.88,Electricity,#00BFFF,TWh
Storage,Losses,562593.98,Electricity,#708090,TWh
Elec,HPs,582403.43,Electricity,#00BFFF,TWh
Elec,Boilers,4604572.50,Electricity,#00BFFF,TWh
HPs,DHN,3582660.87,Heat LT,#FA8072,TWh
Boilers,DHN,4558982.67,Heat LT,#FA8072,TWh
DHN,Heat LT DHN,12704240.50,Heat LT,#FA8072,TWh
DHN,Loss DHN,6662537.53,Heat LT,#FA8072,TWh
DHN,DHN Sto,47345439.20,Heat LT,#FA8072,TWh
DHN Sto,Heat LT DHN,39859988.24,Heat LT,#FA8072,TWh
