source,target,realValue,layerID,layerColor,layerUnit
Exterior Heat,HPs,11278159.48,Exterior Heat,#8FBC8F,TWh
Electricity,Elec,669427.67,Electricity,#00BFFF,TWh
Solar,Elec,26238626.33,Solar,#FFFF00,TWh
Solar,DHN,46239912.57,Solar,#FFFF00,TWh
Elec,Export,8998658.68,Electricity,#00BFFF,TWh
Elec,Elec demand,-924673.39,Electricity,#00BFFF,TWh
Elec,Storage,9586867.78,Electricity,#00BFFF,TWh
Storage,Elec demand,8636903.88,Electricity,#00BFFF,TWh
Storage,Losses,949963.90,Electricity,#708090,TWh
Elec,HPs,2247974.17,Electricity,#00BFFF,TWh
Elec,Boilers,6999226.76,Electricity,#00BFFF,TWh
HPs,DHN,13526133.65,Heat LT,#FA8072,TWh
Boilers,DHN,6929927.49,Heat LT,#FA8072,TWh
DHN,Heat LT DHN,-141285330.82,Heat LT,#FA8072,TWh
DHN,Loss DHN,6666308.24,Heat LT,#FA8072,TWh
DHN,DHN Sto,201314996.29,Heat LT,#FA8072,TWh
DHN Sto,Heat LT DHN,193849559.56,Heat LT,#FA8072,TWh
