source,target,realValue,layerID,layerColor,layerUnit
Exterior Heat,HPs,6749407.14,Exterior Heat,#8FBC8F,TWh
Electricity,Elec,2006489.86,Electricity,#00BFFF,TWh
Solar,Elec,13904290.42,Solar,#FFFF00,TWh
Solar,DHN,54900398.96,Solar,#FFFF00,TWh
Elec,Export,3273858.16,Electricity,#00BFFF,TWh
Elec,Elec demand,2915081.10,Electricity,#00BFFF,TWh
Elec,Storage,5328112.89,Electricity,#00BFFF,TWh
Storage,Elec demand,4797149.39,Electricity,#00BFFF,TWh
Storage,Losses,530963.51,Electricity,#708090,TWh
Elec,HPs,1359602.01,Electricity,#00BFFF,TWh
Elec,Boilers,3034126.11,Electricity,#00BFFF,TWh
HPs,DHN,8109009.15,Heat LT,#FA8072,TWh
Boilers,DHN,3004085.26,Heat LT,#FA8072,TWh
DHN,Heat LT DHN,15455496.43,Heat LT,#FA8072,TWh
DHN,Loss DHN,6606536.06,Heat LT,#FA8072,TWh
DHN,DHN Sto,43951460.88,Heat LT,#FA8072,TWh
DHN Sto,Heat LT DHN,37108732.31,Heat LT,#FA8072,TWh
