source,target,realValue,layerID,layerColor,layerUnit
Exterior Heat,HPs,11477507.11,Exterior Heat,#8FBC8F,TWh
Electricity,Elec,2672407.67,Electricity,#00BFFF,TWh
Solar,Elec,12965259.52,Solar,#FFFF00,TWh
Solar,DHN,48947171.74,Solar,#FFFF00,TWh
Elec,Export,2672407.67,Electricity,#00BFFF,TWh
Elec,Elec demand,2794793.12,Electricity,#00BFFF,TWh
Elec,Storage,5463413.33,Electricity,#00BFFF,TWh
Storage,Elec demand,4917437.37,Electricity,#00BFFF,TWh
Storage,Losses,545975.95,Electricity,#708090,TWh
Elec,HPs,2340183.07,Electricity,#00BFFF,TWh
Elec,Boilers,2366870.00,Electricity,#00BFFF,TWh
HPs,DHN,13817690.18,Heat LT,#FA8072,TWh
Boilers,DHN,2343435.64,Heat LT,#FA8072,TWh
DHN,Heat LT DHN,19008963.53,Heat LT,#FA8072,TWh
DHN,Loss DHN,6533732.45,Heat LT,#FA8072,TWh
DHN,DHN Sto,39565601.58,Heat LT,#FA8072,TWh
DHN Sto,Heat LT DHN,33555265.21,Heat LT,#FA8072,TWh
