source,target,realValue,layerID,layerColor,layerUnit
Exterior Heat,HPs,772054.41,Exterior Heat,#8FBC8F,TWh
NG,CHP,878476.27,NG,#FFD700,TWh
NG,HPs,158048.57,NG,#FFD700,TWh
NG,Boilers,91506.88,NG,#FFD700,TWh
Electricity,Elec,6573.40,Electricity,#00BFFF,TWh
Solar,Elec,64974.66,Solar,#FFFF00,TWh
Solar,DHN,34337.28,Solar,#FFFF00,TWh
Elec,Export,6573.40,Electricity,#00BFFF,TWh
Elec,Elec demand,257074.35,Electricity,#00BFFF,TWh
Elec,HPs,202674.42,Electricity,#00BFFF,TWh
CHP,Elec,394774.10,Electricity,#00BFFF,TWh
CHP,DHN,415551.69,Heat LT,#FA8072,TWh
HPs,DHN,1132777.40,Heat LT,#FA8072,TWh
Boilers,DHN,96080.30,Heat LT,#FA8072,TWh
DHN,Heat LT DHN,1180454.37,Heat LT,#FA8072,TWh
DHN,Loss DHN,345680.49,Heat LT,#FA8072,TWh
DHN,DHN Sto,152611.80,Heat LT,#FA8072,TWh
DHN Sto,Heat LT DHN,146728.04,Heat LT,#FA8072,TWh
