source,target,realValue,layerID,layerColor,layerUnit
Exterior Heat,HPs,44446533.15,Exterior Heat,#8FBC8F,TWh
Electricity,Elec,6637920.65,Electricity,#00BFFF,TWh
Solar,Elec,19014486.32,Solar,#FFFF00,TWh
Solar,DHN,6452671.89,Solar,#FFFF00,TWh
Elec,Export,8234644.62,Electricity,#00BFFF,TWh
Elec,Elec demand,2156027.93,Electricity,#00BFFF,TWh
Elec,Storage,6169572.57,Electricity,#00BFFF,TWh
Storage,Elec demand,5556202.56,Electricity,#00BFFF,TWh
Storage,Losses,613370.00,Electricity,#708090,TWh
Elec,HPs,9092161.86,Electricity,#00BFFF,TWh
HPs,DHN,53538695.01,Heat LT,#FA8072,TWh
DHN,Heat LT DHN,29838689.61,Heat LT,#FA8072,TWh
DHN,Loss DHN,6102747.30,Heat LT,#FA8072,TWh
DHN,DHN Sto,24049929.99,Heat LT,#FA8072,TWh
DHN Sto,Heat LT DHN,22725539.13,Heat LT,#FA8072,TWh
