source,target,realValue,layerID,layerColor,layerUnit
Exterior Heat,HPs,49308868.24,Exterior Heat,#8FBC8F,TWh
Electricity,Elec,7295538.25,Electricity,#00BFFF,TWh
Solar,Elec,18386203.25,Solar,#FFFF00,TWh
Elec,Export,7295538.25,Electricity,#00BFFF,TWh
Elec,Elec demand,2734397.88,Electricity,#00BFFF,TWh
Elec,Storage,5529815.61,Electricity,#00BFFF,TWh
Storage,Elec demand,4977832.61,Electricity,#00BFFF,TWh
Storage,Losses,551983.00,Electricity,#708090,TWh
Elec,HPs,10064115.53,Electricity,#00BFFF,TWh
Elec,Boilers,57874.23,Electricity,#00BFFF,TWh
HPs,DHN,59372983.76,Heat LT,#FA8072,TWh
Boilers,DHN,57301.22,Heat LT,#FA8072,TWh
DHN,Heat LT DHN,37823005.99,Heat LT,#FA8072,TWh
DHN,Loss DHN,6046615.79,Heat LT,#FA8072,TWh
DHN,DHN Sto,15560663.20,Heat LT,#FA8072,TWh
DHN Sto,Heat LT DHN,14741222.75,Heat LT,#FA8072,TWh
