source,target,realValue,layerID,layerColor,layerUnit
Exterior Heat,HPs,39412115.29,Exterior Heat,#8FBC8F,TWh
Electricity,Elec,5981279.29,Electricity,#00BFFF,TWh
Solar,Elec,19523525.88,Solar,#FFFF00,TWh
Solar,DHN,13358905.42,Solar,#FFFF00,TWh
Elec,Export,9025411.07,Electricity,#00BFFF,TWh
Elec,Elec demand,1444845.81,Electricity,#00BFFF,TWh
Elec,Storage,6960597.42,Electricity,#00BFFF,TWh
Storage,Elec demand,6267384.68,Electricity,#00BFFF,TWh
Storage,Losses,693212.75,Electricity,#708090,TWh
Elec,HPs,8073950.87,Electricity,#00BFFF,TWh
HPs,DHN,47486066.16,Heat LT,#FA8072,TWh
DHN,Heat LT DHN,22036482.20,Heat LT,#FA8072,TWh
DHN,Loss DHN,6182199.58,Heat LT,#FA8072,TWh
DHN,DHN Sto,32626289.80,Heat LT,#FA8072,TWh
DHN Sto,Heat LT DHN,30527746.54,Heat LT,#FA8072,TWh
